{
  "description": {
    "title": "",
    "text": ""
  },
  "links_1": {
    "list_pages": true,
    "title": "Links Importantes",
    "list": [
      {
        "url": "https://vermelhaloja.netlify.app/pages/sobre-nos",
        "text": "Sobre nós"
      },
      {
        "url": "https://vermelhaloja.netlify.app/pages/privacidade",
        "text": "Política de Privacidade"
      },
      {
        "text": "Termos de Uso",
        "url": "https://vermelhaloja.netlify.app/pages/termos"
      },
      {
        "text": "Trocas e Devoluções",
        "url": "https://vermelhaloja.netlify.app/pages/trocas"
      },
      {
        "text": "Contato",
        "url": "https://vermelhaloja.netlify.app/pages/contato-teste"
      }
    ]
  },
  "links_2": {
    "list_categories": false,
    "title": "Categorias",
    "list": []
  },
  "contacts": {
    "title": "Contatos",
    "phone_wpp": true,
    "socials": true,
    "email": true,
    "address": true
  },
  "stamps": [
    {
      "src": "/img/uploads/banner-13.png"
    },
    {
      "src": "/img/uploads/correios.png"
    }
  ],
  "payment_methods": {
    "bb": false,
    "visa": true,
    "boleto": true,
    "aura": true,
    "banrisul": false,
    "elo": true,
    "hipercard": true,
    "hsbc": false,
    "bradesco": false,
    "santander": false,
    "mastercard": true,
    "citibank": false,
    "hiper": true,
    "diners": true,
    "mais": false,
    "pix": true,
    "amex": true,
    "itau": false
  },
  "credits": ""
}