{
  "marketing_stripe": {
    "text": "Pagamentos via Pix com 5% de desconto!",
    "link": "",
    "color": "#ffffff",
    "background": "#dc0707"
  },
  "contacts_stripe": {
    "pages": [],
    "phone_wpp": false,
    "socials": true
  },
  "categories_list": {
    "featured": [
      "/canecas?Canecas",
      "/quadros?Quadros",
      "/pinsbroches?Pins/Broches",
      "/estatuetas?Estatuetas",
      "/azulejos?Azulejos",
      "/bones?Bonés",
      "/posta-copos?Porta Copos",
      "/camisetas?Camisetas",
      "/bandeiras?Bandeiras",
      "/livros?Livros"
    ],
    "random": 10,
    "full_width": true
  },
  "desktop_megamenu": true,
  "search_input": true,
  "alphabetical_order_submenu": true,
  "full_width_submenu": true,
  "centralized_logo": true
}