{
  "meta_title": "",
  "meta_description": "",
  "sections": [
    {
      "type": "banner-slider",
      "autoplay": 8000,
      "full_width": true,
      "slides": [
        {
          "img": "/img/uploads/banner_desk.jpg",
          "link": "",
          "alt": "",
          "start": "",
          "end": "",
          "mobile_img": "/img/uploads/banner_cel.jpg"
        }
      ]
    },
    {
      "type": "info-bar",
      "enabled": true
    },
    {
      "autoplay": "",
      "page": 1,
      "title": "LANÇAMENTOS",
      "shuffle": true,
      "headless": false,
      "type": "collection-shelf",
      "limit": 12,
      "collection_id": "642454974bd2e929c1b77089:collections:Lançamentos:/lancamentos",
      "sort": "news"
    },
    {
      "type": "collection-shelf",
      "shuffle": true,
      "limit": 12,
      "page": 1,
      "sort": "sales",
      "title": "MAIS VENDIDOS",
      "collection_id": "642456334bd2e929c1b772da:collections:Mais Vendidos:/mais-vendidos"
    }
  ]
}